User-ID,Total Ratings,Average Rating,Unique Books Rated
88,1,7.0,1
129,1,7.0,1
372,1,8.0,1
383,6,1.6666666666666667,6
392,1,0.0,1
507,19,2.1052631578947367,19
714,2,0.0,2
876,6,0.0,6
929,2,7.5,2
969,1,8.0,1
1008,1,9.0,1
1167,2,0.0,2
1184,1,7.0,1
1231,1,0.0,1
1254,3,3.3333333333333335,3
1660,2,5.0,2
1848,7,1.2857142857142858,7
1915,1,7.0,1
1971,1,7.0,1
2046,2,0.0,2
2103,1,10.0,1
2288,3,3.3333333333333335,3
2324,1,0.0,1
2337,4,6.75,4
2375,1,0.0,1
2389,1,6.0,1
2853,1,0.0,1
2889,1,8.0,1
3100,1,0.0,1
3113,1,0.0,1
3200,1,7.0,1
3329,2,3.5,2
3538,6,4.833333333333333,6
3690,1,0.0,1
3728,1,9.0,1
3827,10,3.8,10
3897,1,8.0,1
3902,1,8.0,1
3934,1,0.0,1
3951,1,7.0,1
3983,1,8.0,1
4802,2,0.0,2
4948,1,9.0,1
4965,1,7.0,1
5091,2,4.0,2
5293,1,0.0,1
5694,2,0.0,2
5703,1,9.0,1
5728,4,5.75,4
5903,19,1.2105263157894737,19
6229,1,9.0,1
6249,1,9.0,1
6349,1,8.0,1
6501,2,3.5,2
6520,1,0.0,1
6577,1,0.0,1
6582,2,2.5,2
6712,1,8.0,1
6869,1,9.0,1
6884,1,0.0,1
6906,1,7.0,1
7105,6,2.5,6
7199,1,5.0,1
7355,1,0.0,1
7509,2,8.0,2
7525,1,8.0,1
7867,2,8.0,2
7917,1,0.0,1
7980,1,8.0,1
8263,1,8.0,1
8323,2,6.0,2
8362,11,1.9090909090909092,11
8529,9,2.111111111111111,9
8839,6,0.0,6
8961,3,9.0,3
9141,16,0.0,16
9440,3,8.0,3
9460,1,10.0,1
9939,1,0.0,1
10215,2,4.0,2
10654,2,0.0,2
10668,2,0.0,2
10924,4,3.0,4
11053,1,0.0,1
11120,9,1.7777777777777777,9
11260,1,0.0,1
11547,1,0.0,1
11687,10,5.6,10
11944,4,7.0,4
12113,1,6.0,1
12137,2,6.0,2
12278,1,0.0,1
12331,4,1.25,4
12362,3,4.333333333333333,3
12563,1,9.0,1
12578,1,10.0,1
12671,2,0.0,2
12717,1,10.0,1
12841,1,8.0,1
12945,2,3.0,2
12992,1,0.0,1
13280,5,6.2,5
13399,1,0.0,1
13503,1,10.0,1
13551,6,9.666666666666666,6
13552,60,2.216666666666667,60
13623,1,8.0,1
13682,4,7.0,4
13754,1,0.0,1
13780,1,0.0,1
13915,3,2.6666666666666665,3
14079,9,1.7777777777777777,9
14180,2,0.0,2
14232,16,3.875,16
14336,2,7.5,2
14343,1,8.0,1
14393,3,8.0,3
14400,1,0.0,1
14598,1,8.0,1
14638,10,2.9,10
14709,1,0.0,1
14897,6,0.0,6
15029,1,6.0,1
15046,2,5.0,2
15067,1,10.0,1
15087,2,0.0,2
15230,1,9.0,1
15597,1,8.0,1
15602,3,8.0,3
15654,1,7.0,1
15670,3,6.0,3
15757,1,8.0,1
15783,1,6.0,1
15822,1,9.0,1
16413,10,0.0,10
16585,1,2.0,1
16601,11,1.5454545454545454,11
16654,5,6.8,5
16708,1,5.0,1
16982,2,4.5,2
17046,1,9.0,1
17183,4,6.75,4
17472,1,0.0,1
17479,1,5.0,1
17498,1,8.0,1
17766,1,5.0,1
17851,1,0.0,1
17859,10,1.0,10
18012,1,0.0,1
18126,1,0.0,1
18366,2,4.0,2
18519,2,5.5,2
18634,1,0.0,1
18713,3,0.0,3
18913,1,10.0,1
19018,1,7.0,1
19031,2,0.0,2
19041,1,0.0,1
19142,1,0.0,1
19580,1,0.0,1
19740,1,0.0,1
19838,1,10.0,1
19969,3,2.6666666666666665,3
20034,2,7.0,2
20074,1,5.0,1
20119,11,0.0,11
20173,1,5.0,1
20245,4,3.5,4
20339,1,0.0,1
20456,1,8.0,1
20784,1,7.0,1
20806,1,7.0,1
20859,8,0.0,8
20899,1,8.0,1
20961,4,4.0,4
21076,1,6.0,1
21224,1,6.0,1
21357,4,3.75,4
21406,1,6.0,1
21617,2,7.5,2
21828,1,5.0,1
21837,1,6.0,1
21900,2,0.0,2
21918,2,3.5,2
21942,1,8.0,1
22043,1,10.0,1
22365,7,6.428571428571429,7
22495,3,1.6666666666666667,3
22569,1,0.0,1
22708,1,0.0,1
22988,2,6.5,2
23065,2,0.0,2
23288,36,1.9722222222222223,36
23547,2,9.0,2
23631,1,10.0,1
23689,1,8.0,1
23838,1,0.0,1
24090,1,0.0,1
24147,1,10.0,1
24547,1,8.0,1
24824,1,5.0,1
24949,1,1.0,1
25028,1,6.0,1
25216,1,0.0,1
25368,1,0.0,1
25583,7,3.5714285714285716,7
25669,1,10.0,1
25695,9,0.0,9
25804,2,7.0,2
25954,1,0.0,1
26053,1,5.0,1
26284,2,4.0,2
26314,1,8.0,1
26371,3,4.666666666666667,3
26517,5,2.0,5
26583,21,5.857142857142857,21
26611,3,3.3333333333333335,3
26624,3,6.666666666666667,3
26898,1,10.0,1
27144,2,0.0,2
27244,1,7.0,1
27472,16,5.0,16
27514,1,0.0,1
27573,1,5.0,1
27704,1,0.0,1
27719,1,8.0,1
27762,1,0.0,1
27788,18,0.0,18
27824,2,0.0,2
27875,5,8.0,5
27877,1,10.0,1
28033,1,0.0,1
28101,1,0.0,1
28150,3,4.666666666666667,3
28151,2,2.0,2
28204,74,0.581081081081081,74
28448,2,7.5,2
28495,1,8.0,1
28592,1,10.0,1
28602,4,6.0,4
28824,1,7.0,1
28884,2,3.5,2
28916,1,0.0,1
28932,1,10.0,1
29246,2,4.0,2
29259,52,0.9423076923076923,52
29424,1,7.0,1
29486,2,8.5,2
29526,19,6.368421052631579,19
29539,1,5.0,1
29971,1,0.0,1
30078,1,0.0,1
30263,2,8.0,2
30276,67,2.985074626865672,67
30486,2,5.0,2
30533,48,2.1041666666666665,48
30564,1,0.0,1
30701,1,8.0,1
30723,1,0.0,1
30727,3,8.0,3
30855,1,8.0,1
30887,2,0.0,2
30895,1,0.0,1
30964,2,0.0,2
31004,1,0.0,1
31171,1,0.0,1
31256,5,4.0,5
31399,1,8.0,1
31466,24,0.8333333333333334,24
31541,2,2.5,2
31742,3,0.0,3
31846,25,0.96,25
32082,1,5.0,1
32087,1,8.0,1
32159,1,0.0,1
32211,2,0.0,2
32329,1,8.0,1
32337,2,8.5,2
32350,1,10.0,1
32491,1,0.0,1
32541,5,0.0,5
32793,4,1.75,4
32893,1,0.0,1
33036,5,2.0,5
33141,1,0.0,1
33180,1,7.0,1
33226,1,9.0,1
33422,3,1.6666666666666667,3
33430,1,0.0,1
33681,1,9.0,1
33826,8,5.625,8
33832,1,0.0,1
33948,1,0.0,1
33981,1,5.0,1
34581,1,0.0,1
34588,6,4.5,6
34772,1,0.0,1
34864,6,1.5,6
34936,1,8.0,1
34997,1,0.0,1
35017,1,0.0,1
35124,1,0.0,1
35144,2,5.5,2
35424,2,5.0,2
35676,1,0.0,1
35722,1,5.0,1
35746,1,0.0,1
35818,1,10.0,1
35845,2,6.5,2
35963,1,0.0,1
36121,2,4.5,2
36141,1,8.0,1
36199,1,10.0,1
36256,11,2.5454545454545454,11
36486,1,0.0,1
36568,1,0.0,1
36621,2,4.0,2
36622,1,9.0,1
36673,4,1.75,4
36732,1,0.0,1
36733,1,8.0,1
36749,3,6.333333333333333,3
36817,6,3.0,6
36963,1,10.0,1
36992,4,3.5,4
37037,1,0.0,1
37164,1,10.0,1
37271,1,0.0,1
37454,4,2.0,4
37527,8,4.375,8
37573,3,1.6666666666666667,3
37736,2,0.0,2
37777,3,0.0,3
37786,1,0.0,1
37792,1,6.0,1
37957,1,0.0,1
37974,10,3.2,10
37975,1,0.0,1
38085,1,0.0,1
38206,1,10.0,1
38389,1,8.0,1
38669,1,9.0,1
38899,1,0.0,1
38946,1,10.0,1
39021,1,0.0,1
39047,4,4.25,4
39321,2,0.0,2
39403,1,9.0,1
39626,1,7.0,1
39664,1,9.0,1
40187,1,5.0,1
40732,1,0.0,1
40745,1,8.0,1
40767,1,0.0,1
40796,7,1.2857142857142858,7
40839,1,0.0,1
40958,4,5.5,4
41138,2,4.5,2
41301,1,0.0,1
41351,1,6.0,1
41405,1,0.0,1
41469,1,0.0,1
41589,3,8.0,3
41808,1,6.0,1
42162,5,6.6,5
42356,1,5.0,1
42444,1,10.0,1
42456,1,9.0,1
42458,14,2.357142857142857,14
42491,2,3.0,2
42573,2,8.0,2
42611,1,6.0,1
42797,1,0.0,1
42952,1,8.0,1
42965,1,8.0,1
43013,1,3.0,1
43021,7,2.4285714285714284,7
43307,1,0.0,1
43309,2,0.0,2
43397,1,8.0,1
43465,1,0.0,1
43866,1,0.0,1
44035,1,8.0,1
44091,1,0.0,1
44107,1,7.0,1
44112,1,0.0,1
44130,1,9.0,1
44389,3,7.666666666666667,3
44404,3,0.0,3
44647,5,3.2,5
44776,1,8.0,1
44932,1,0.0,1
45033,1,0.0,1
45107,2,0.0,2
45208,1,6.0,1
45279,1,0.0,1
45313,1,10.0,1
45405,1,10.0,1
45675,1,5.0,1
45899,1,8.0,1
46292,1,9.0,1
46431,1,5.0,1
46481,1,9.0,1
46541,1,8.0,1
46730,1,7.0,1
46879,1,0.0,1
47128,4,7.5,4
47561,2,9.0,2
47669,2,1.0,2
47745,1,0.0,1
47807,3,4.666666666666667,3
47971,9,2.6666666666666665,9
48046,21,2.3333333333333335,21
48217,11,5.363636363636363,11
48525,1,0.0,1
48775,1,9.0,1
49472,1,0.0,1
49539,1,0.0,1
49889,33,2.393939393939394,33
49907,1,7.0,1
50143,1,0.0,1
50206,9,0.8888888888888888,9
50533,2,0.0,2
50564,2,4.0,2
50650,1,8.0,1
50732,1,8.0,1
50859,6,5.5,6
50948,1,0.0,1
50993,1,0.0,1
51010,1,10.0,1
51062,1,7.0,1
51082,3,0.0,3
51111,1,0.0,1
51192,2,3.5,2
51224,1,0.0,1
51264,1,0.0,1
51347,1,5.0,1
51399,1,0.0,1
51461,1,0.0,1
51777,1,8.0,1
51826,2,4.0,2
51883,125,3.016,125
51899,1,0.0,1
51919,1,6.0,1
52130,1,7.0,1
52199,47,3.404255319148936,47
52224,1,0.0,1
52247,1,8.0,1
52350,22,5.954545454545454,22
52352,1,0.0,1
52418,1,0.0,1
52423,1,0.0,1
52525,3,0.0,3
52531,2,3.0,2
52535,1,0.0,1
52572,1,6.0,1
52710,1,10.0,1
53072,1,0.0,1
53200,1,0.0,1
53236,1,0.0,1
53300,2,3.5,2
53377,2,0.0,2
53527,1,0.0,1
53575,2,5.5,2
53668,1,8.0,1
53759,1,9.0,1
53934,1,9.0,1
53989,1,0.0,1
54142,2,0.0,2
54208,2,2.5,2
54563,1,0.0,1
54578,8,0.0,8
54731,3,2.6666666666666665,3
54917,1,9.0,1
55033,1,7.0,1
55197,1,7.0,1
55220,1,0.0,1
55244,5,1.4,5
55375,5,3.8,5
55646,1,8.0,1
55779,1,0.0,1
56003,1,0.0,1
56193,3,0.0,3
56272,5,3.8,5
56917,1,0.0,1
56985,1,7.0,1
57145,1,0.0,1
57332,1,9.0,1
57412,3,0.0,3
57423,3,4.666666666666667,3
57532,1,0.0,1
57599,4,4.75,4
57959,1,10.0,1
57960,1,6.0,1
58042,1,8.0,1
58180,2,0.0,2
58255,1,9.0,1
58302,1,8.0,1
58342,1,9.0,1
58961,4,8.25,4
59059,8,5.625,8
59145,1,8.0,1
59189,21,0.7619047619047619,21
59198,1,7.0,1
59206,1,0.0,1
59214,2,0.0,2
59240,1,8.0,1
59504,3,4.666666666666667,3
59554,2,9.0,2
59580,1,0.0,1
59595,1,10.0,1
59612,2,3.5,2
59852,1,5.0,1
60031,1,0.0,1
60032,3,0.0,3
60071,1,8.0,1
60251,4,1.25,4
60424,5,5.4,5
60475,7,4.857142857142857,7
60703,2,8.0,2
60787,2,3.0,2
60807,1,0.0,1
61028,21,3.857142857142857,21
61043,2,3.5,2
61205,1,4.0,1
61298,1,8.0,1
61376,1,6.0,1
61429,1,0.0,1
61639,1,7.0,1
61852,3,8.666666666666666,3
61926,1,5.0,1
61961,1,5.0,1
61966,1,9.0,1
62009,8,1.875,8
62348,4,0.0,4
62475,2,4.0,2
62568,1,10.0,1
62586,1,8.0,1
62688,5,6.0,5
62753,2,4.5,2
62778,1,10.0,1
62833,3,0.0,3
62868,2,4.5,2
62926,2,4.0,2
62931,1,5.0,1
63032,1,7.0,1
63163,1,0.0,1
63360,2,8.0,2
63574,2,0.0,2
63650,1,6.0,1
63938,28,0.0,28
63953,1,0.0,1
64064,1,6.0,1
64126,5,0.0,5
64199,1,8.0,1
64261,5,0.0,5
64271,1,8.0,1
64310,6,4.333333333333333,6
64535,2,7.0,2
64582,1,0.0,1
64846,1,8.0,1
64849,1,7.0,1
65138,3,3.0,3
65183,1,8.0,1
65270,1,0.0,1
65390,1,6.0,1
65487,1,0.0,1
65579,1,9.0,1
66034,1,0.0,1
66073,3,4.333333333333333,3
66109,1,10.0,1
66110,1,10.0,1
66211,1,7.0,1
66371,1,5.0,1
66423,1,0.0,1
66467,2,6.5,2
66953,1,0.0,1
66978,1,6.0,1
67270,4,3.5,4
67322,3,6.0,3
67351,4,1.25,4
67573,1,8.0,1
67576,1,7.0,1
67679,1,10.0,1
67782,4,5.0,4
67794,1,0.0,1
67796,1,5.0,1
67829,1,0.0,1
67930,10,0.8,10
67992,4,5.5,4
67997,7,0.0,7
68075,1,0.0,1
68555,61,3.360655737704918,61
68561,3,4.0,3
68708,1,0.0,1
68998,2,9.0,2
69493,2,4.5,2
69512,1,10.0,1
69600,2,6.5,2
69672,1,10.0,1
69691,1,10.0,1
69697,176,1.1477272727272727,176
69888,1,8.0,1
69936,1,10.0,1
69990,1,0.0,1
70065,13,0.9230769230769231,13
70147,2,4.0,2
70415,37,4.864864864864865,37
70441,1,8.0,1
70539,1,0.0,1
70569,3,5.333333333333333,3
70617,1,0.0,1
70878,2,4.0,2
70882,1,0.0,1
70888,1,0.0,1
70947,1,0.0,1
71162,3,5.333333333333333,3
71449,1,0.0,1
71577,1,2.0,1
71585,1,6.0,1
71634,4,0.0,4
71662,2,3.0,2
71831,4,0.0,4
72028,1,0.0,1
72155,1,0.0,1
72276,1,0.0,1
72296,4,6.0,4
72355,1,8.0,1
72390,1,0.0,1
72482,1,0.0,1
72968,1,8.0,1
72990,5,3.0,5
73178,1,0.0,1
73225,1,0.0,1
73309,1,8.0,1
73399,1,10.0,1
73436,1,9.0,1
73726,1,0.0,1
73755,1,8.0,1
73885,1,8.0,1
73892,1,0.0,1
74093,2,7.0,2
74215,8,2.25,8
74263,1,0.0,1
74274,1,9.0,1
74520,2,0.0,2
74569,2,9.5,2
74584,1,0.0,1
74863,1,0.0,1
74910,1,0.0,1
75081,15,3.0,15
75083,2,6.5,2
75089,6,3.6666666666666665,6
75189,1,0.0,1
75236,1,8.0,1
75339,2,9.5,2
75431,1,0.0,1
75485,10,1.9,10
75486,2,7.0,2
75519,1,0.0,1
75534,5,2.0,5
75698,1,9.0,1
75777,1,0.0,1
75783,5,3.4,5
75872,1,10.0,1
76054,1,8.0,1
76300,1,0.0,1
76312,2,0.0,2
76425,1,7.0,1
76458,4,3.0,4
76576,2,3.0,2
76778,1,9.0,1
76812,1,7.0,1
77082,5,0.0,5
77101,1,0.0,1
77110,1,0.0,1
77181,11,1.2727272727272727,11
77225,1,10.0,1
77270,13,1.9230769230769231,13
77676,3,2.0,3
78089,1,5.0,1
78340,1,10.0,1
78448,11,2.090909090909091,11
78529,1,6.0,1
78720,1,0.0,1
78779,1,7.0,1
79017,1,1.0,1
79019,1,9.0,1
79085,3,2.3333333333333335,3
79108,1,0.0,1
79430,1,10.0,1
79590,2,8.5,2
79718,1,10.0,1
80089,1,8.0,1
80135,1,7.0,1
80238,1,6.0,1
80538,13,2.769230769230769,13
80603,1,0.0,1
80820,3,3.3333333333333335,3
81045,17,1.0,17
81210,1,10.0,1
81224,1,0.0,1
81352,2,3.0,2
81370,4,2.25,4
81412,1,8.0,1
81415,1,0.0,1
81786,1,0.0,1
81848,20,2.45,20
81862,2,3.0,2
82015,1,0.0,1
82325,1,0.0,1
82326,1,0.0,1
82391,4,2.25,4
82398,2,0.0,2
82578,1,7.0,1
82659,2,3.5,2
82673,4,3.75,4
82702,1,10.0,1
82752,1,0.0,1
82769,1,5.0,1
82917,2,4.0,2
82961,1,7.0,1
83164,1,6.0,1
83224,1,0.0,1
83287,16,5.0625,16
83377,1,7.0,1
83444,1,10.0,1
83467,9,0.0,9
83587,1,7.0,1
83644,1,10.0,1
83842,1,10.0,1
84008,2,10.0,2
84079,1,0.0,1
84146,4,5.75,4
84178,3,5.0,3
84212,1,0.0,1
84626,1,0.0,1
84866,8,1.75,8
84894,1,0.0,1
84902,1,6.0,1
85012,1,0.0,1
85072,1,7.0,1
85379,2,0.0,2
85495,1,0.0,1
85500,1,8.0,1
85726,1,0.0,1
86017,1,8.0,1
86213,1,8.0,1
86247,1,8.0,1
86276,2,8.0,2
86555,4,4.0,4
86595,1,0.0,1
86641,25,1.96,25
86887,1,5.0,1
86973,1,8.0,1
86975,1,0.0,1
87066,1,10.0,1
87067,1,9.0,1
87147,2,3.5,2
87370,1,0.0,1
87707,6,6.5,6
87875,1,0.0,1
87962,1,9.0,1
88288,1,10.0,1
88299,1,1.0,1
88335,1,8.0,1
88416,4,5.75,4
88452,1,10.0,1
88652,7,4.0,7
88683,1,7.0,1
88686,6,0.0,6
88695,1,7.0,1
88793,19,3.9473684210526314,19
88818,1,0.0,1
89086,1,10.0,1
89128,1,0.0,1
89340,1,0.0,1
89412,1,9.0,1
89602,51,3.843137254901961,51
89633,1,0.0,1
89635,1,0.0,1
89670,1,5.0,1
90049,13,2.8461538461538463,13
90134,1,0.0,1
90228,1,9.0,1
90309,1,8.0,1
90712,1,8.0,1
90736,3,4.333333333333333,3
90784,3,0.0,3
91113,9,7.777777777777778,9
91164,1,0.0,1
91190,1,0.0,1
91244,1,10.0,1
91301,2,10.0,2
91423,2,9.0,2
91428,2,7.5,2
91533,2,8.5,2
91614,1,0.0,1
91816,1,8.0,1
92063,1,7.0,1
92190,1,8.0,1
92393,1,7.0,1
92696,3,2.6666666666666665,3
92827,1,10.0,1
92861,11,3.4545454545454546,11
92909,1,0.0,1
92981,3,5.333333333333333,3
93011,1,6.0,1
93072,1,0.0,1
93085,44,0.0,44
93097,1,0.0,1
93230,3,2.6666666666666665,3
93364,5,6.2,5
93386,1,0.0,1
93518,5,0.0,5
93565,3,4.666666666666667,3
93585,1,8.0,1
93711,2,9.0,2
93713,1,6.0,1
93769,2,5.0,2
93796,1,10.0,1
93812,1,6.0,1
94006,1,0.0,1
94047,1,0.0,1
94100,1,6.0,1
94161,1,6.0,1
94491,2,4.0,2
94495,3,5.0,3
94655,1,7.0,1
94781,6,5.0,6
95025,6,6.833333333333333,6
95189,1,8.0,1
95250,3,2.3333333333333335,3
95303,1,3.0,1
95316,17,1.1764705882352942,17
95452,4,4.75,4
95636,1,0.0,1
95778,1,7.0,1
95932,37,2.027027027027027,37
96444,2,6.5,2
96711,1,0.0,1
96776,12,0.75,12
96946,1,0.0,1
96998,1,5.0,1
97208,8,2.875,8
97209,1,10.0,1
97423,1,5.0,1
97598,14,2.357142857142857,14
97600,1,0.0,1
97623,1,0.0,1
97694,6,4.333333333333333,6
97725,1,0.0,1
97854,1,0.0,1
98012,1,7.0,1
98026,1,10.0,1
98207,2,3.0,2
98320,1,0.0,1
98364,1,5.0,1
98420,1,8.0,1
98422,3,5.666666666666667,3
98440,11,1.7272727272727273,11
98468,3,0.0,3
98484,1,8.0,1
98491,1,0.0,1
98520,1,0.0,1
98628,2,8.5,2
98723,9,1.4444444444444444,9
98797,1,8.0,1
98861,2,9.5,2
99025,3,1.6666666666666667,3
99227,6,1.1666666666666667,6
99299,1,0.0,1
99322,1,5.0,1
99347,7,4.0,7
99502,1,0.0,1
99650,2,4.0,2
99788,1,0.0,1
99919,2,3.0,2
100240,1,0.0,1
100241,1,10.0,1
100242,1,0.0,1
100454,3,4.333333333333333,3
100736,1,0.0,1
100846,30,1.4666666666666666,30
100865,1,4.0,1
101035,1,9.0,1
101150,1,0.0,1
101223,1,4.0,1
101422,2,7.0,2
101517,3,5.0,3
101535,1,0.0,1
101620,2,8.5,2
101638,1,0.0,1
101666,4,5.75,4
101731,9,3.7777777777777777,9
101887,3,5.333333333333333,3
101925,1,8.0,1
101971,3,3.6666666666666665,3
102130,2,4.5,2
102255,1,8.0,1
102372,1,0.0,1
102449,1,7.0,1
102458,1,0.0,1
102581,2,8.0,2
102908,1,0.0,1
102944,1,8.0,1
103010,1,9.0,1
103190,2,0.0,2
103467,3,1.6666666666666667,3
103922,3,0.0,3
104160,2,6.5,2
104168,2,9.5,2
104308,1,7.0,1
104322,1,8.0,1
104334,1,9.0,1
104397,1,0.0,1
104562,1,0.0,1
104796,1,5.0,1
104927,1,0.0,1
104981,1,0.0,1
105054,10,2.2,10
105221,4,10.0,4
105795,9,8.333333333333334,9
105904,3,2.3333333333333335,3
105968,3,5.0,3
105969,2,4.0,2
105979,57,1.3508771929824561,57
105996,1,0.0,1
106200,1,0.0,1
106276,1,0.0,1
106294,2,0.0,2
106397,1,0.0,1
106783,2,0.0,2
106849,8,8.75,8
106922,1,7.0,1
106926,1,9.0,1
106956,1,9.0,1
107133,1,8.0,1
107140,1,8.0,1
107208,3,9.0,3
107333,1,9.0,1
108217,1,0.0,1
108480,1,10.0,1
108481,5,0.0,5
108974,1,6.0,1
109072,1,0.0,1
109093,1,0.0,1
109107,2,3.5,2
109176,2,0.0,2
109180,1,6.0,1
109247,1,8.0,1
109427,3,5.0,3
109567,1,7.0,1
109625,1,7.0,1
109771,8,0.0,8
109901,17,4.352941176470588,17
110029,88,0.75,88
110093,1,5.0,1
110110,1,8.0,1
110137,1,0.0,1
110440,14,3.7142857142857144,14
110473,1,7.0,1
110479,2,0.0,2
110702,1,8.0,1
110818,1,8.0,1
110898,1,0.0,1
110961,1,0.0,1
111001,1,0.0,1
111019,2,3.0,2
111035,4,0.0,4
111174,28,1.1785714285714286,28
111241,6,2.8333333333333335,6
111288,1,0.0,1
111310,2,2.5,2
111433,1,0.0,1
111495,1,10.0,1
111565,1,7.0,1
111633,1,7.0,1
111637,3,1.6666666666666667,3
111807,2,2.5,2
111816,8,1.0,8
111905,1,0.0,1
112026,50,0.24,50
112298,3,2.6666666666666665,3
112507,2,3.5,2
112633,1,9.0,1
112914,14,0.5714285714285714,14
112992,1,8.0,1
113062,2,7.5,2
113325,1,9.0,1
113340,2,0.0,2
113375,2,0.0,2
113452,1,0.0,1
113475,5,4.0,5
113602,1,8.0,1
113630,3,7.333333333333333,3
113643,1,9.0,1
113709,1,8.0,1
113752,3,3.3333333333333335,3
113817,15,1.0666666666666667,15
113821,1,5.0,1
113912,1,9.0,1
113961,1,9.0,1
113971,1,5.0,1
114143,1,10.0,1
114197,1,6.0,1
114218,1,0.0,1
114258,4,1.75,4
114414,105,0.4666666666666667,105
114544,17,4.529411764705882,17
114563,2,0.0,2
114597,1,8.0,1
114629,8,2.5,8
114699,2,5.0,2
114856,1,10.0,1
115037,1,10.0,1
115234,23,0.0,23
115265,1,0.0,1
115294,1,0.0,1
115536,1,8.0,1
115538,2,3.5,2
115615,1,8.0,1
115791,2,0.0,2
115833,2,0.0,2
116005,7,3.7142857142857144,7
116006,12,3.75,12
116062,1,8.0,1
116116,1,7.0,1
116122,20,2.25,20
116123,4,4.25,4
116183,5,5.4,5
116187,1,8.0,1
116395,3,0.0,3
116477,1,10.0,1
116555,1,10.0,1
116835,1,0.0,1
117115,4,6.5,4
117192,1,8.0,1
117423,1,8.0,1
117477,1,8.0,1
117506,1,7.0,1
117515,1,0.0,1
117739,1,8.0,1
117852,6,0.0,6
118322,1,0.0,1
118418,2,7.5,2
118483,1,0.0,1
118533,18,3.5,18
118538,1,0.0,1
118587,8,1.25,8
118742,1,10.0,1
118846,1,8.0,1
118856,1,10.0,1
119155,2,3.5,2
119223,1,8.0,1
119326,3,1.6666666666666667,3
119395,1,6.0,1
119488,1,0.0,1
119556,2,6.5,2
119566,2,9.0,2
119584,1,5.0,1
120082,7,0.0,7
120396,6,8.0,6
120516,1,10.0,1
120560,1,0.0,1
120588,3,2.6666666666666665,3
120695,2,0.0,2
120928,1,0.0,1
120950,1,8.0,1
121184,1,9.0,1
121365,1,0.0,1
121366,1,0.0,1
121424,1,0.0,1
121435,2,5.0,2
121493,1,5.0,1
121581,1,9.0,1
121620,2,4.0,2
121891,1,0.0,1
121933,1,0.0,1
122675,1,0.0,1
122708,1,0.0,1
123203,5,3.6,5
123350,2,5.0,2
123625,14,0.42857142857142855,14
123742,1,8.0,1
124204,1,0.0,1
124340,1,0.0,1
124585,1,8.0,1
124597,14,2.5,14
124723,1,0.0,1
124837,1,0.0,1
125207,1,5.0,1
125633,1,0.0,1
125736,7,2.7142857142857144,7
125932,1,10.0,1
126104,1,0.0,1
126444,1,0.0,1
126588,4,0.0,4
126590,1,0.0,1
126783,3,3.0,3
126785,1,0.0,1
126803,2,0.0,2
126812,5,3.8,5
126860,6,3.5,6
126911,6,2.1666666666666665,6
127200,102,0.6372549019607843,102
127357,1,10.0,1
127359,69,1.2463768115942029,69
127453,1,0.0,1
127621,2,9.5,2
127651,1,0.0,1
127793,1,0.0,1
127826,21,1.1428571428571428,21
127884,1,0.0,1
128271,1,0.0,1
128286,1,0.0,1
128518,1,9.0,1
128557,2,5.0,2
128633,1,0.0,1
128713,1,10.0,1
128949,1,0.0,1
128962,1,10.0,1
128981,1,0.0,1
129135,1,8.0,1
129901,1,7.0,1
130027,1,8.0,1
130149,1,10.0,1
130243,1,0.0,1
130339,1,0.0,1
130395,1,5.0,1
130438,12,1.4166666666666667,12
130472,1,7.0,1
130603,1,7.0,1
130616,1,5.0,1
130685,1,0.0,1
130961,1,10.0,1
131166,2,4.0,2
131213,1,9.0,1
131272,1,0.0,1
131338,1,0.0,1
131626,1,0.0,1
131648,1,0.0,1
131777,2,7.5,2
131951,1,0.0,1
132001,1,10.0,1
132141,1,10.0,1
132210,1,10.0,1
132275,2,8.0,2
132282,2,8.5,2
132371,4,3.5,4
132537,1,5.0,1
132677,1,7.0,1
132709,1,0.0,1
132767,1,8.0,1
132901,2,4.0,2
132970,1,4.0,1
132981,2,6.5,2
133276,1,0.0,1
133957,2,0.0,2
133967,1,0.0,1
134076,1,7.0,1
134119,1,7.0,1
134262,1,7.0,1
134317,1,0.0,1
134566,1,7.0,1
134621,5,4.8,5
134641,6,4.333333333333333,6
134653,1,0.0,1
134764,1,4.0,1
134797,15,3.8666666666666667,15
134837,11,4.2727272727272725,11
134841,1,0.0,1
134971,1,8.0,1
135021,1,5.0,1
135176,1,10.0,1
135213,1,0.0,1
135235,1,8.0,1
135294,7,0.0,7
135329,3,7.333333333333333,3
135524,1,0.0,1
135567,1,0.0,1
135703,11,1.2727272727272727,11
135766,1,0.0,1
135821,1,8.0,1
135847,1,5.0,1
135856,1,8.0,1
135911,1,8.0,1
135975,7,4.285714285714286,7
136291,4,8.25,4
136439,1,9.0,1
136473,17,0.0,17
136594,1,5.0,1
136816,1,6.0,1
136990,2,0.0,2
137006,3,0.0,3
137190,9,3.3333333333333335,9
137263,1,4.0,1
137276,2,6.0,2
137588,8,5.75,8
137947,1,4.0,1
138138,6,8.333333333333334,6
138393,5,7.6,5
138750,1,0.0,1
138813,2,4.0,2
138858,1,0.0,1
138867,6,6.166666666666667,6
138871,1,0.0,1
139038,1,10.0,1
139136,1,0.0,1
139141,14,2.4285714285714284,14
139273,1,5.0,1
139287,1,5.0,1
139329,1,0.0,1
139387,12,3.0,12
139398,1,0.0,1
139630,1,5.0,1
139783,1,0.0,1
139827,7,3.142857142857143,7
140132,1,7.0,1
140293,1,0.0,1
140460,1,9.0,1
140510,2,3.0,2
140555,7,4.0,7
140758,4,7.25,4
140822,2,6.0,2
140826,2,5.0,2
140869,2,6.5,2
140962,1,0.0,1
141088,1,0.0,1
141256,2,2.5,2
141310,6,5.666666666666667,6
141601,7,6.0,7
141774,1,5.0,1
141990,1,8.0,1
142022,1,0.0,1
142366,1,1.0,1
142398,1,7.0,1
142474,1,5.0,1
142494,1,0.0,1
143011,4,5.0,4
143264,1,6.0,1
143443,2,7.5,2
143497,4,4.0,4
143523,1,8.0,1
143571,1,8.0,1
143968,11,4.2727272727272725,11
144015,1,0.0,1
144021,1,7.0,1
144162,2,0.0,2
144420,1,0.0,1
144466,1,10.0,1
144531,65,0.8,65
144535,1,0.0,1
144560,1,0.0,1
144632,1,10.0,1
144729,1,0.0,1
145369,13,1.6923076923076923,13
145473,1,0.0,1
145613,1,8.0,1
145641,21,1.0952380952380953,21
145711,1,6.0,1
145961,2,4.0,2
146000,1,6.0,1
146061,3,0.0,3
146200,1,0.0,1
146348,42,3.857142857142857,42
146364,1,0.0,1
146407,2,5.0,2
146450,1,0.0,1
146521,1,0.0,1
146644,1,8.0,1
147380,1,0.0,1
147420,1,8.0,1
147447,1,5.0,1
147686,15,3.466666666666667,15
147688,3,5.333333333333333,3
148124,1,7.0,1
148227,2,5.0,2
148590,1,9.0,1
148671,1,0.0,1
148704,1,7.0,1
148896,1,0.0,1
148980,1,0.0,1
148996,1,6.0,1
149140,2,5.0,2
149145,1,7.0,1
149180,1,8.0,1
149231,5,2.8,5
149268,1,8.0,1
149348,2,4.0,2
149421,4,0.0,4
149511,1,0.0,1
149615,1,0.0,1
149625,1,8.0,1
149661,5,6.4,5
149722,1,0.0,1
150042,2,0.0,2
150067,8,1.875,8
150222,1,0.0,1
150361,1,0.0,1
150669,1,7.0,1
150675,1,0.0,1
150890,1,9.0,1
150992,1,9.0,1
151068,3,8.333333333333334,3
151233,1,0.0,1
151262,1,7.0,1
151277,1,0.0,1
151312,1,8.0,1
151385,1,7.0,1
151434,1,6.0,1
151442,1,10.0,1
151608,8,2.25,8
151686,1,0.0,1
152318,1,0.0,1
152562,1,2.0,1
152742,1,6.0,1
152963,1,7.0,1
153025,1,5.0,1
153054,15,2.8,15
153158,1,0.0,1
153190,1,0.0,1
153296,1,0.0,1
153328,1,0.0,1
153361,10,2.3,10
153400,2,9.5,2
153541,3,7.0,3
153552,1,7.0,1
153623,1,0.0,1
153662,552,2.760869565217391,552
153797,12,3.3333333333333335,12
154137,7,0.0,7
154460,3,9.0,3
154476,2,0.0,2
154730,9,1.5555555555555556,9
154859,1,10.0,1
155000,2,4.5,2
155004,1,0.0,1
155189,1,7.0,1
155404,1,9.0,1
155463,17,0.4117647058823529,17
155616,1,7.0,1
155681,1,2.0,1
156020,4,4.5,4
156094,1,0.0,1
156230,1,5.0,1
156343,4,2.5,4
156478,1,9.0,1
156534,8,3.125,8
156601,1,0.0,1
156640,1,8.0,1
157065,1,0.0,1
157075,1,0.0,1
157118,1,10.0,1
157126,1,0.0,1
157187,2,2.5,2
157247,26,3.9615384615384617,26
157273,83,0.8313253012048193,83
157353,2,0.0,2
157594,13,1.1538461538461537,13
157787,1,0.0,1
157791,1,4.0,1
157808,1,0.0,1
157904,2,0.0,2
157935,1,0.0,1
158918,1,0.0,1
159004,5,3.0,5
159033,77,0.9090909090909091,77
159053,1,1.0,1
159234,1,0.0,1
159269,1,9.0,1
159319,1,0.0,1
159327,1,0.0,1
159519,1,7.0,1
159787,2,6.0,2
159802,1,7.0,1
159822,4,3.5,4
159833,1,7.0,1
159875,1,8.0,1
159977,4,7.0,4
160022,1,7.0,1
160132,1,0.0,1
160340,1,0.0,1
160381,1,10.0,1
160402,1,0.0,1
160410,8,0.0,8
160555,1,0.0,1
160766,1,8.0,1
161002,1,8.0,1
161047,1,0.0,1
161348,8,3.0,8
161373,2,8.0,2
161423,1,9.0,1
161677,2,8.5,2
161694,1,0.0,1
161899,1,0.0,1
161903,2,5.0,2
161951,1,7.0,1
161983,1,0.0,1
161995,1,0.0,1
162030,2,3.0,2
162456,1,10.0,1
162458,1,10.0,1
162746,1,0.0,1
162827,3,2.6666666666666665,3
162886,4,4.25,4
163059,1,9.0,1
163383,1,4.0,1
163415,1,10.0,1
163485,3,2.3333333333333335,3
163586,2,6.5,2
163594,1,0.0,1
163608,1,0.0,1
163620,1,0.0,1
163690,2,0.0,2
163973,30,4.233333333333333,30
164027,22,0.6818181818181818,22
164370,2,5.0,2
164465,33,0.36363636363636365,33
164757,1,5.0,1
164863,1,0.0,1
164953,1,0.0,1
164956,3,1.6666666666666667,3
165138,1,0.0,1
165184,1,8.0,1
165319,38,2.4210526315789473,38
165449,1,9.0,1
165609,1,8.0,1
165696,1,0.0,1
165713,1,8.0,1
165759,9,3.0,9
165773,1,8.0,1
165840,2,5.0,2
165932,1,0.0,1
166270,1,8.0,1
166460,1,6.0,1
166463,1,8.0,1
166581,1,5.0,1
167278,1,8.0,1
167343,1,0.0,1
167380,1,10.0,1
167436,1,8.0,1
167471,38,1.5526315789473684,38
167656,1,0.0,1
167673,1,7.0,1
167722,2,4.0,2
167779,1,0.0,1
167790,3,0.3333333333333333,3
167812,9,4.444444444444445,9
167871,1,8.0,1
168009,1,8.0,1
168276,1,9.0,1
168974,1,0.0,1
169243,5,0.0,5
169288,1,0.0,1
169380,1,8.0,1
169400,1,4.0,1
169534,1,7.0,1
169634,1,7.0,1
169655,1,0.0,1
169784,2,10.0,2
169807,1,7.0,1
169877,1,10.0,1
169880,2,4.5,2
169984,1,0.0,1
170012,2,4.5,2
170170,1,7.0,1
170184,19,2.1052631578947367,19
170227,4,2.25,4
170264,8,3.625,8
170346,2,0.0,2
170449,2,0.0,2
170513,34,3.176470588235294,34
170558,3,8.0,3
170676,1,3.0,1
170689,1,7.0,1
170699,1,5.0,1
170742,23,0.0,23
170762,6,9.333333333333334,6
170777,1,8.0,1
170837,1,10.0,1
170947,17,1.4705882352941178,17
171134,2,6.5,2
171193,1,9.0,1
171286,1,0.0,1
171400,1,10.0,1
171570,3,2.3333333333333335,3
172061,13,4.0,13
172124,2,4.0,2
172175,1,5.0,1
172293,1,0.0,1
172319,1,9.0,1
172422,1,0.0,1
172462,2,8.5,2
172507,1,8.0,1
172692,1,8.0,1
173018,8,0.0,8
173109,5,1.4,5
173249,1,0.0,1
173355,1,0.0,1
173579,1,0.0,1
173657,1,0.0,1
173828,1,7.0,1
173879,4,0.0,4
173906,1,0.0,1
173930,2,3.5,2
174049,1,7.0,1
174304,101,1.5445544554455446,101
174538,1,0.0,1
174568,1,0.0,1
174616,1,10.0,1
174619,1,0.0,1
175021,1,0.0,1
175276,1,8.0,1
175287,3,8.333333333333334,3
175493,8,2.0,8
175529,2,4.0,2
175531,1,6.0,1
175682,1,0.0,1
175874,1,5.0,1
175934,1,4.0,1
176008,1,0.0,1
176062,10,0.7,10
176100,3,5.0,3
176143,1,6.0,1
176192,1,10.0,1
176201,1,0.0,1
176211,1,0.0,1
176236,2,0.0,2
176342,1,0.0,1
176576,2,7.5,2
176582,1,0.0,1
176597,2,4.0,2
176853,1,10.0,1
176902,8,3.375,8
177021,2,4.0,2
177034,3,5.666666666666667,3
177113,2,0.0,2
177128,1,0.0,1
177193,1,0.0,1
177375,4,9.0,4
177569,5,4.4,5
177638,3,3.3333333333333335,3
177660,6,5.5,6
177870,2,0.0,2
177995,1,0.0,1
178001,1,5.0,1
178045,1,6.0,1
178093,4,2.0,4
178173,1,7.0,1
178223,7,2.4285714285714284,7
178240,13,0.0,13
178458,2,4.0,2
178485,2,0.0,2
178542,1,0.0,1
178597,5,4.8,5
178837,1,10.0,1
178905,2,5.5,2
178920,11,3.8181818181818183,11
179067,1,8.0,1
179978,35,5.542857142857143,35
180573,1,8.0,1
180624,1,0.0,1
180658,5,0.0,5
180815,1,0.0,1
180917,34,0.0,34
180945,1,7.0,1
181031,1,9.0,1
181056,1,10.0,1
181944,3,3.0,3
181952,1,0.0,1
182208,3,0.0,3
182295,1,7.0,1
182334,14,0.5714285714285714,14
182497,1,8.0,1
182514,1,2.0,1
182577,2,8.0,2
182642,2,9.5,2
182746,14,0.0,14
183052,1,0.0,1
183061,6,4.166666666666667,6
183134,3,2.0,3
183138,1,9.0,1
183146,1,0.0,1
183534,1,4.0,1
183651,1,0.0,1
183687,1,6.0,1
183740,3,0.0,3
183753,5,1.6,5
183761,1,5.0,1
183801,1,0.0,1
184121,6,0.8333333333333334,6
184195,4,1.5,4
184465,8,4.75,8
184639,2,5.5,2
184978,1,8.0,1
185058,1,5.0,1
185072,1,7.0,1
185119,2,4.5,2
185123,1,0.0,1
185247,1,8.0,1
185390,1,8.0,1
185519,2,3.0,2
185652,1,0.0,1
185731,4,2.0,4
186570,49,0.46938775510204084,49
186582,1,5.0,1
186780,1,0.0,1
186899,3,0.0,3
186979,1,0.0,1
187043,3,3.3333333333333335,3
187072,1,5.0,1
187163,1,6.0,1
187281,1,0.0,1
187410,8,1.125,8
187424,1,7.0,1
187553,1,0.0,1
187618,1,0.0,1
187696,1,10.0,1
187801,4,0.0,4
187810,1,0.0,1
187863,5,5.6,5
187871,1,10.0,1
187904,6,5.333333333333333,6
187961,1,9.0,1
187967,1,0.0,1
187981,6,1.3333333333333333,6
188022,10,6.2,10
188046,1,0.0,1
188119,2,10.0,2
188132,2,0.0,2
188191,1,8.0,1
188416,1,0.0,1
188529,2,5.0,2
188558,2,2.5,2
188700,1,7.0,1
188735,1,0.0,1
188794,1,0.0,1
188796,7,4.0,7
188852,1,8.0,1
188902,1,0.0,1
189076,1,9.0,1
189151,6,0.0,6
189251,1,0.0,1
189558,11,8.0,11
189631,1,0.0,1
189654,1,0.0,1
189688,1,7.0,1
189765,1,0.0,1
189891,1,9.0,1
190015,1,9.0,1
190134,1,0.0,1
190265,6,6.5,6
190627,1,7.0,1
190844,6,4.333333333333333,6
190905,1,0.0,1
190939,4,3.5,4
190981,1,6.0,1
191244,1,0.0,1
191327,1,6.0,1
191505,1,5.0,1
191575,7,4.0,7
191578,1,0.0,1
191601,1,7.0,1
191740,1,3.0,1
191803,4,1.75,4
191804,1,0.0,1
191807,1,0.0,1
191874,1,10.0,1
191900,1,8.0,1
192167,1,7.0,1
192656,1,9.0,1
192681,1,10.0,1
192783,1,0.0,1
193294,1,7.0,1
193458,17,3.764705882352941,17
193470,2,6.5,2
193499,28,0.7857142857142857,28
193738,5,2.8,5
193759,4,1.25,4
193769,1,8.0,1
193904,1,0.0,1
193935,1,10.0,1
193939,1,5.0,1
194187,1,10.0,1
194202,1,0.0,1
194594,1,3.0,1
194974,2,4.5,2
195063,1,8.0,1
195080,1,10.0,1
195102,1,0.0,1
195199,1,0.0,1
195904,9,4.555555555555555,9
195907,1,7.0,1
196031,3,6.666666666666667,3
196047,16,1.0,16
196055,2,6.5,2
196129,1,0.0,1
196140,1,8.0,1
196160,35,2.914285714285714,35
196253,2,4.5,2
196288,1,10.0,1
196298,2,6.5,2
196527,1,0.0,1
196859,3,0.0,3
197130,1,8.0,1
197415,1,0.0,1
197687,7,7.142857142857143,7
197913,3,6.333333333333333,3
197997,3,3.0,3
198114,2,0.0,2
198351,1,0.0,1
198515,2,5.0,2
198790,2,7.5,2
199178,3,5.0,3
199255,1,0.0,1
199347,1,7.0,1
199390,1,0.0,1
199722,1,0.0,1
199740,1,8.0,1
199871,3,4.333333333333333,3
200081,1,0.0,1
200679,1,0.0,1
200707,1,8.0,1
200794,2,0.0,2
200831,1,0.0,1
200851,1,7.0,1
200876,2,8.5,2
200891,1,0.0,1
200978,7,4.0,7
201036,3,9.0,3
201051,1,6.0,1
201141,3,1.6666666666666667,3
201263,1,0.0,1
201282,1,9.0,1
201323,1,10.0,1
201349,1,0.0,1
201436,1,0.0,1
201595,1,8.0,1
201760,5,3.4,5
202073,1,8.0,1
202143,2,0.0,2
202186,1,0.0,1
202246,3,2.0,3
202257,2,7.5,2
202277,18,3.2222222222222223,18
202472,1,0.0,1
202552,1,0.0,1
202580,1,8.0,1
202742,2,2.0,2
202821,1,8.0,1
202947,1,7.0,1
203033,3,0.0,3
203129,1,6.0,1
203799,49,2.857142857142857,49
203805,1,0.0,1
203897,4,3.0,4
203900,7,4.285714285714286,7
203905,1,0.0,1
204166,1,0.0,1
204395,1,7.0,1
204591,22,1.0,22
204634,2,9.0,2
204663,2,4.5,2
204822,2,9.5,2
204921,1,10.0,1
204946,7,0.0,7
205038,1,0.0,1
205045,1,0.0,1
205086,1,7.0,1
205222,2,8.0,2
205383,7,4.142857142857143,7
205483,2,2.5,2
205500,1,10.0,1
205538,3,2.3333333333333335,3
205554,2,3.5,2
205728,1,8.0,1
205913,1,9.0,1
206016,2,7.5,2
206045,3,6.0,3
206074,17,2.6470588235294117,17
206150,2,6.0,2
206307,1,7.0,1
206341,1,0.0,1
206421,1,0.0,1
206720,1,0.0,1
206788,1,0.0,1
206888,1,6.0,1
206920,1,0.0,1
206932,11,2.3636363636363638,11
207252,1,0.0,1
207259,7,4.857142857142857,7
207300,3,3.0,3
207350,1,10.0,1
207498,2,0.0,2
207499,21,1.1428571428571428,21
207519,1,0.0,1
207570,1,5.0,1
207580,1,0.0,1
207714,1,4.0,1
207807,1,8.0,1
207903,1,0.0,1
208027,1,0.0,1
208124,1,0.0,1
208193,1,0.0,1
208276,1,8.0,1
208287,1,8.0,1
208376,3,7.666666666666667,3
208380,1,8.0,1
208390,1,0.0,1
208429,3,7.333333333333333,3
208665,3,0.0,3
208755,2,4.0,2
208756,3,2.6666666666666665,3
208829,49,1.6122448979591837,49
208841,1,0.0,1
209023,1,7.0,1
209151,1,0.0,1
209154,2,6.0,2
209163,4,5.0,4
209220,7,6.285714285714286,7
209224,1,6.0,1
209336,1,8.0,1
209385,4,3.0,4
209402,1,7.0,1
209463,1,0.0,1
209536,3,2.3333333333333335,3
209666,1,8.0,1
209870,12,0.0,12
210160,1,0.0,1
210223,2,0.0,2
210460,1,5.0,1
210535,1,0.0,1
210587,9,4.333333333333333,9
210885,1,0.0,1
211027,1,9.0,1
211199,1,8.0,1
211344,23,2.608695652173913,23
211528,1,10.0,1
211553,1,1.0,1
211603,1,0.0,1
211610,3,5.333333333333333,3
211695,2,9.5,2
211878,1,8.0,1
211922,1,0.0,1
212129,1,0.0,1
212260,2,3.0,2
212265,1,10.0,1
212275,3,7.333333333333333,3
212405,1,8.0,1
212413,1,5.0,1
212416,2,4.0,2
212445,1,8.0,1
212461,1,5.0,1
212547,1,5.0,1
212640,4,0.0,4
212970,1,4.0,1
213109,1,8.0,1
213119,2,3.0,2
213197,6,4.166666666666667,6
213255,7,2.142857142857143,7
213518,1,0.0,1
213638,1,0.0,1
213953,2,4.5,2
214055,1,8.0,1
214182,1,0.0,1
214215,1,8.0,1
214743,1,9.0,1
215040,1,5.0,1
215071,1,9.0,1
215206,1,5.0,1
215273,1,8.0,1
215513,1,6.0,1
215628,1,0.0,1
215676,1,0.0,1
215784,1,0.0,1
215923,2,7.0,2
215988,9,4.888888888888889,9
216090,1,7.0,1
216162,1,8.0,1
216283,2,0.0,2
216548,1,5.0,1
216557,5,7.4,5
216631,2,0.0,2
216645,1,0.0,1
216781,1,7.0,1
216870,1,5.0,1
216903,1,0.0,1
217106,44,3.659090909090909,44
217121,48,0.8541666666666666,48
217211,1,0.0,1
217796,1,7.0,1
217910,1,0.0,1
217934,2,5.0,2
218240,1,0.0,1
218249,1,10.0,1
218286,1,0.0,1
218304,1,0.0,1
218623,1,8.0,1
218697,1,0.0,1
218721,6,2.6666666666666665,6
218760,1,8.0,1
218952,1,5.0,1
218976,6,7.0,6
219115,1,5.0,1
219482,11,0.0,11
219680,1,7.0,1
219729,3,2.3333333333333335,3
219955,3,5.666666666666667,3
219992,1,0.0,1
220081,2,5.0,2
220307,6,0.0,6
220401,1,10.0,1
220603,1,0.0,1
220641,1,3.0,1
220918,1,0.0,1
220961,1,0.0,1
221015,1,0.0,1
221186,2,4.0,2
221235,2,3.0,2
221550,1,10.0,1
221691,2,4.0,2
222018,2,0.0,2
222081,1,0.0,1
222113,2,4.0,2
222158,1,0.0,1
222220,4,8.25,4
222287,1,0.0,1
222303,1,0.0,1
222540,2,3.5,2
222563,4,7.25,4
222743,1,0.0,1
222907,1,0.0,1
223174,2,0.0,2
223231,12,3.75,12
223286,1,0.0,1
223296,1,5.0,1
223501,21,7.285714285714286,21
223503,2,0.0,2
223587,1,8.0,1
223605,1,10.0,1
223849,1,8.0,1
223916,1,5.0,1
223942,6,0.0,6
223968,1,0.0,1
224105,6,0.0,6
224115,5,0.0,5
224393,1,0.0,1
224430,26,3.230769230769231,26
224439,4,4.0,4
224612,3,0.0,3
224800,1,8.0,1
224830,1,0.0,1
224927,7,1.4285714285714286,7
224997,6,6.0,6
225172,1,6.0,1
225208,1,7.0,1
225274,1,0.0,1
225346,1,5.0,1
225610,3,6.0,3
225617,5,0.0,5
225634,1,8.0,1
225704,1,7.0,1
225861,1,0.0,1
225867,2,3.5,2
225989,17,0.9411764705882353,17
226038,1,10.0,1
226148,1,8.0,1
226205,7,2.2857142857142856,7
226370,1,0.0,1
226383,1,0.0,1
226494,1,9.0,1
226496,1,0.0,1
226569,1,0.0,1
226621,1,10.0,1
226758,1,7.0,1
226995,1,0.0,1
227065,1,0.0,1
227377,2,2.5,2
227397,8,7.25,8
227413,1,9.0,1
227589,2,10.0,2
227886,2,0.0,2
228049,1,8.0,1
228053,1,7.0,1
228255,2,0.0,2
228573,1,8.0,1
228867,2,7.0,2
228947,4,0.0,4
228988,1,10.0,1
229140,1,9.0,1
229184,1,10.0,1
229329,18,7.666666666666667,18
229425,1,9.0,1
229440,1,9.0,1
229628,1,5.0,1
229981,1,0.0,1
230058,1,8.0,1
230115,9,2.111111111111111,9
230133,1,0.0,1
230289,2,7.0,2
230374,9,4.666666666666667,9
230405,2,3.0,2
230411,2,8.0,2
230446,2,4.0,2
230639,1,8.0,1
230666,1,0.0,1
230699,7,0.7142857142857143,7
230708,20,1.85,20
230789,1,4.0,1
230968,2,0.0,2
231048,4,0.0,4
231376,1,10.0,1
231432,1,8.0,1
231501,1,0.0,1
231585,1,10.0,1
231838,2,7.0,2
231843,1,0.0,1
231855,1,0.0,1
232036,3,0.0,3
232106,3,0.0,3
232143,1,7.0,1
232194,1,8.0,1
232492,2,9.0,2
232583,1,0.0,1
232774,2,2.0,2
232835,1,0.0,1
233217,1,0.0,1
233242,1,8.0,1
233256,7,2.5714285714285716,7
233299,3,0.0,3
233312,1,8.0,1
233356,1,0.0,1
233357,1,0.0,1
233409,1,0.0,1
233529,2,2.5,2
233649,1,8.0,1
233777,1,4.0,1
234081,1,0.0,1
234141,1,0.0,1
234147,1,7.0,1
234179,1,9.0,1
234289,1,0.0,1
234406,7,0.0,7
234419,2,9.5,2
234565,1,8.0,1
234683,5,3.2,5
234759,2,3.0,2
234925,4,4.5,4
235099,1,8.0,1
235439,1,6.0,1
235548,1,0.0,1
235649,1,5.0,1
235810,1,7.0,1
235812,1,0.0,1
235915,1,0.0,1
236097,7,4.142857142857143,7
236550,2,4.5,2
236593,1,9.0,1
236594,3,4.666666666666667,3
236618,2,0.0,2
236757,42,2.380952380952381,42
236871,1,0.0,1
236949,2,4.0,2
236990,1,0.0,1
237153,1,0.0,1
237175,4,0.0,4
237486,1,7.0,1
237534,5,7.6,5
237558,2,3.5,2
237727,2,0.0,2
237748,11,3.6363636363636362,11
237822,1,6.0,1
238167,1,7.0,1
238231,1,4.0,1
238234,1,7.0,1
238301,2,0.0,2
238315,1,9.0,1
238560,1,10.0,1
238607,6,2.3333333333333335,6
238617,2,5.0,2
238644,3,3.3333333333333335,3
238679,1,0.0,1
238713,1,0.0,1
238736,1,7.0,1
238773,1,9.0,1
238836,2,4.0,2
239127,1,7.0,1
239397,1,8.0,1
239415,2,2.5,2
239468,5,3.6,5
239551,2,2.0,2
239594,21,3.3333333333333335,21
239667,1,8.0,1
239730,1,7.0,1
239761,5,6.2,5
239841,1,8.0,1
240018,1,8.0,1
240028,1,0.0,1
240100,3,3.0,3
240305,1,0.0,1
240364,1,0.0,1
240370,8,4.75,8
240421,1,8.0,1
240426,2,0.0,2
240577,1,10.0,1
240643,4,8.5,4
240713,2,0.0,2
240759,1,10.0,1
240808,1,0.0,1
240815,1,7.0,1
240969,1,7.0,1
241033,2,2.5,2
241145,1,0.0,1
241239,4,2.0,4
241264,1,0.0,1
241333,1,6.0,1
241459,1,10.0,1
241635,1,0.0,1
241695,2,0.0,2
241802,4,1.5,4
241952,1,8.0,1
242076,1,8.0,1
242214,1,0.0,1
242234,1,8.0,1
242371,1,6.0,1
242445,10,0.5,10
242640,7,2.5714285714285716,7
242815,1,10.0,1
242977,1,0.0,1
243206,7,1.8571428571428572,7
243458,1,5.0,1
243546,1,8.0,1
243606,1,0.0,1
243700,15,3.066666666666667,15
243722,1,0.0,1
243907,1,5.0,1
244139,5,3.6,5
244266,1,10.0,1
244286,5,4.8,5
244359,1,6.0,1
244386,1,0.0,1
244657,4,5.25,4
244686,1,8.0,1
244708,3,5.333333333333333,3
244781,1,10.0,1
244892,1,7.0,1
244915,3,2.6666666666666665,3
244928,1,0.0,1
245150,3,8.0,3
245179,1,6.0,1
245210,1,8.0,1
245295,5,5.4,5
245371,19,1.4736842105263157,19
245534,4,3.0,4
245594,1,8.0,1
245746,1,6.0,1
245765,1,0.0,1
245858,1,0.0,1
245867,2,8.0,2
246113,1,8.0,1
246153,1,9.0,1
246350,1,0.0,1
246433,1,7.0,1
246470,5,0.0,5
246671,36,0.25,36
246709,1,6.0,1
246771,1,8.0,1
246806,1,5.0,1
246874,1,0.0,1
246933,1,0.0,1
247310,1,0.0,1
247728,2,3.5,2
248383,1,0.0,1
248477,10,5.7,10
248492,1,10.0,1
248539,1,5.0,1
248540,4,3.5,4
248547,7,0.0,7
248597,4,1.75,4
248749,4,4.75,4
249146,2,0.0,2
249210,1,0.0,1
249320,1,0.0,1
249352,1,0.0,1
249480,6,1.0,6
249632,2,0.0,2
249684,2,3.5,2
249732,6,2.5,6
249766,1,8.0,1
250016,1,0.0,1
250018,1,0.0,1
250195,1,0.0,1
250227,1,8.0,1
250342,4,6.5,4
250383,19,1.0526315789473684,19
250399,2,8.5,2
250454,3,8.0,3
250456,1,0.0,1
250479,1,0.0,1
250604,1,10.0,1
250683,8,5.5,8
250721,1,7.0,1
250725,3,5.0,3
250849,1,5.0,1
251133,1,9.0,1
251267,1,10.0,1
251307,1,0.0,1
251362,2,5.0,2
251373,1,10.0,1
251377,1,0.0,1
251483,1,0.0,1
251517,1,7.0,1
251730,3,0.0,3
252006,1,0.0,1
252071,48,0.5625,48
252241,1,0.0,1
252531,1,0.0,1
252657,2,8.5,2
252658,1,8.0,1
252829,2,10.0,2
253101,1,0.0,1
253197,1,8.0,1
253403,2,3.0,2
253482,5,4.0,5
253499,1,8.0,1
253601,1,0.0,1
253769,4,0.0,4
253828,2,0.0,2
253918,1,6.0,1
253961,1,0.0,1
253989,1,8.0,1
254021,1,0.0,1
254144,4,2.25,4
254236,2,3.5,2
254271,1,0.0,1
254278,2,6.0,2
254299,3,8.0,3
254417,4,7.0,4
254486,2,3.5,2
254910,1,0.0,1
254930,1,0.0,1
255078,9,4.777777777777778,9
255157,1,0.0,1
255260,1,10.0,1
255405,1,8.0,1
255530,1,0.0,1
255719,4,0.0,4
256072,9,2.7777777777777777,9
256202,1,0.0,1
256214,1,0.0,1
256468,2,0.0,2
256503,1,0.0,1
256562,4,0.0,4
256736,1,7.0,1
256856,1,0.0,1
256864,1,6.0,1
256941,1,0.0,1
256953,1,8.0,1
257022,1,9.0,1
257028,32,3.1875,32
257161,3,6.333333333333333,3
257182,1,7.0,1
257198,8,6.875,8
257450,7,0.0,7
257492,5,2.8,5
257623,1,9.0,1
257862,1,0.0,1
258066,1,8.0,1
258520,1,0.0,1
258673,3,1.6666666666666667,3
258748,1,0.0,1
259006,4,7.0,4
259102,1,0.0,1
259265,1,9.0,1
259379,1,0.0,1
259582,1,0.0,1
259625,16,0.3125,16
259626,4,3.25,4
259653,1,0.0,1
259660,7,3.2857142857142856,7
259734,1,6.0,1
259829,18,1.2777777777777777,18
259838,1,10.0,1
259974,2,0.0,2
259994,1,9.0,1
260130,2,10.0,2
260447,7,0.0,7
260478,1,10.0,1
260587,1,3.0,1
260771,6,1.1666666666666667,6
260875,1,4.0,1
261159,1,0.0,1
261513,1,10.0,1
261520,1,0.0,1
261567,2,2.5,2
261829,77,2.116883116883117,77
261862,3,0.0,3
262051,5,0.0,5
262279,2,2.0,2
262357,1,9.0,1
262467,1,9.0,1
262525,1,0.0,1
262541,2,9.5,2
262587,1,0.0,1
262682,1,0.0,1
262719,1,10.0,1
262826,2,0.0,2
263393,1,0.0,1
263413,3,0.0,3
263445,3,6.333333333333333,3
263480,2,6.5,2
263534,1,8.0,1
263663,1,7.0,1
263906,1,6.0,1
264073,1,0.0,1
264152,9,2.7777777777777777,9
264193,1,5.0,1
264217,1,0.0,1
264349,1,8.0,1
264416,2,3.0,2
264637,24,1.6666666666666667,24
264655,1,0.0,1
264887,2,0.0,2
264903,4,0.0,4
264985,1,8.0,1
265002,1,0.0,1
265031,2,6.0,2
265087,1,8.0,1
265168,3,2.6666666666666665,3
265447,1,0.0,1
265508,1,0.0,1
265710,1,0.0,1
265904,1,0.0,1
265932,1,8.0,1
266035,1,0.0,1
266264,1,3.0,1
266410,1,5.0,1
266468,1,7.0,1
266512,1,0.0,1
266608,3,3.3333333333333335,3
266642,5,6.6,5
266735,1,0.0,1
266824,1,3.0,1
266872,4,4.0,4
267161,1,0.0,1
267249,7,1.4285714285714286,7
267326,5,1.0,5
267388,1,10.0,1
267680,2,3.0,2
267766,1,0.0,1
267897,1,8.0,1
267898,2,5.0,2
267967,1,8.0,1
268022,5,2.0,5
268026,2,0.0,2
268156,1,10.0,1
268179,2,0.0,2
268307,1,3.0,1
268346,1,3.0,1
268451,1,0.0,1
268711,6,4.5,6
268752,1,0.0,1
268761,3,5.666666666666667,3
268932,42,2.4761904761904763,42
269250,1,6.0,1
269331,1,7.0,1
269336,1,6.0,1
269425,1,7.0,1
269557,7,8.714285714285714,7
269960,1,6.0,1
270023,1,8.0,1
270051,1,5.0,1
270122,1,0.0,1
270134,1,8.0,1
270156,7,3.857142857142857,7
270713,50,2.56,50
270907,1,7.0,1
270935,1,7.0,1
271122,1,9.0,1
271290,1,0.0,1
271306,2,4.5,2
271322,1,8.0,1
271436,1,7.0,1
271448,29,4.586206896551724,29
271468,1,0.0,1
271556,1,6.0,1
271587,3,5.0,3
271593,1,0.0,1
271836,1,8.0,1
271988,1,7.0,1
272239,1,9.0,1
272300,1,10.0,1
272394,1,0.0,1
272407,2,4.0,2
272541,1,0.0,1
273086,18,0.5555555555555556,18
273113,4,5.0,4
273252,3,2.6666666666666665,3
273270,1,10.0,1
273373,1,6.0,1
273392,1,8.0,1
273581,1,3.0,1
273932,1,0.0,1
273971,2,9.0,2
274260,1,0.0,1
274493,2,0.0,2
274506,1,0.0,1
274644,1,0.0,1
274692,6,1.5,6
274716,1,8.0,1
274808,23,2.0434782608695654,23
275017,1,10.0,1
275082,1,0.0,1
275358,2,4.5,2
275364,1,9.0,1
275414,3,3.0,3
275673,5,3.0,5
275744,2,8.0,2
275756,1,0.0,1
275827,1,6.0,1
275971,1,8.0,1
275994,2,7.5,2
276037,2,0.0,2
276262,1,0.0,1
276563,1,0.0,1
276688,11,3.1818181818181817,11
276772,1,10.0,1
276994,4,6.75,4
277170,2,4.5,2
277197,2,7.0,2
277436,1,10.0,1
277523,4,10.0,4
277562,1,0.0,1
277748,1,6.0,1
277922,1,9.0,1
278446,1,6.0,1
278452,1,0.0,1
278552,1,10.0,1
278832,1,10.0,1
